trade_id,timestamp_entry,timestamp_exit,date,month,symbol,playbook,direction,trade_type,quality,entry_price,exit_price,stop_loss,take_profit_1,position_size,duration_minutes,risk_pct,pnl_dollars,risk_dollars,r_multiple,risk_tier,pnl_R_account,cumulative_R,outcome,exit_reason,session_label,killzone_label,match_score,match_grade,grade_thresholds,score_scale_hint,mc_high,mc_low,mc_range,mc_breakout_dir,mc_window_minutes,mc_session_date,peak_r,mae_r
082fd649-a06a-42bd-9420-caddf22b43fd,2025-08-18 13:34:00+00:00,2025-08-18 13:51:00+00:00,2025-08-18,2025-08,QQQ,Morning_Trap_Reversal,LONG,DAILY,B,577.555,576.312445,576.312445,581.2826649999997,86.0,17.0,0.02,-168.66972999999354,2000.0,-0.08433486499999676,2,-0.16866972999999352,-0.16866972999999352,loss,SL,ny,ny_open,0.525,B,"{'A_plus': 0.8, 'A': 0.65, 'B': 0.5}",0-1,,,,,,,0.03621570071351005,-1.2755974584626182
daf23902-ebe9-4a80-aab8-a4246ffb1a08,2025-08-18 13:35:00+00:00,2025-08-18 13:51:00+00:00,2025-08-18,2025-08,QQQ,BOS_Scalp_1m,LONG,SCALP,A,577.35,576.1953,576.1953,579.0820500000001,129.0,16.0,0.02,-240.6363000000062,2000.0,-0.12031815000000311,2,-0.24063630000000621,-0.40930602999999977,loss,SL,ny,ny_open,0.23063067114030464,A,"{'A_plus': 0.5, 'A': 0.01, 'B': 0.0}",0-1,,,,,,,0.2165064518922574,-1.1951156144452568
7d454001-0789-4033-8758-d591b442421a,2025-08-18 13:39:00+00:00,2025-08-18 13:51:00+00:00,2025-08-18,2025-08,QQQ,Engulfing_Bar_V056,LONG,SCALP,A+,577.335,576.18033,576.18033,579.64434,173.0,12.0,0.02,-322.0279100000017,2000.0,-0.16101395500000087,2,-0.32202791000000175,-0.7313339400000015,loss,SL,ny,ny_open,1.0,A+,"{'A_plus': 0.5, 'A': 0.01, 'B': 0.0}",0-1,,,,,,,0.1602189370122579,-1.1821559406583675
caa68e5a-ec80-4149-8c9e-ef7eff111d07,2025-08-18 13:40:00+00:00,2025-08-18 13:51:00+00:00,2025-08-18,2025-08,QQQ,BOS_Scalp_1m,LONG,SCALP,A+,577.13,575.97574,575.97574,578.86139,173.0,11.0,0.02,-321.89698000000385,2000.0,-0.16094849000000191,2,-0.32189698000000383,-1.0532309200000054,loss,SL,ny,ny_open,0.6533543026539022,A+,"{'A_plus': 0.5, 'A': 0.01, 'B': 0.0}",0-1,,,,,,,0.2685703394383009,-1.0049728830592293
23956057-55d1-4da3-bb0a-0f87e6af5b6c,2025-08-18 13:34:00+00:00,2025-08-18 15:34:00+00:00,2025-08-18,2025-08,SPY,Engulfing_Bar_V056,LONG,SCALP,A+,643.3999,642.7293,630.531902,669.1358960000001,155.0,120.0,0.02,-226.07300000000555,2000.0,-0.11303650000000277,2,-0.22607300000000555,-1.279303920000011,loss,time_stop,ny,ny_open,1.0,A+,"{'A_plus': 0.5, 'A': 0.01, 'B': 0.0}",0-1,,,,,,,0.041583780165332686,-0.08547561166857835
92d9748c-8480-494a-ae36-97741fcd136f,2025-08-18 13:36:00+00:00,2025-08-18 15:36:00+00:00,2025-08-18,2025-08,SPY,BOS_Scalp_1m,LONG,SCALP,A+,643.38,642.56,630.5124,662.6814,155.0,120.0,0.02,-249.22000000000776,2000.0,-0.12461000000000388,2,-0.24922000000000777,-1.5285239200000187,loss,time_stop,ny,ny_open,0.5748275334810408,A+,"{'A_plus': 0.5, 'A': 0.01, 'B': 0.0}",0-1,,,,,,,0.04313158630979735,-0.08393173552177856
a0fcf795-e848-48ee-837f-7d522c61e6ed,2025-08-18 15:59:00+00:00,2025-08-18 16:29:00+00:00,2025-08-18,2025-08,SPY,Liquidity_Sweep_Scalp,LONG,SCALP,A,642.7301,643.12,639.5164495,647.55057575,113.0,30.0,0.02,-45.5112999999987,1000.0,-0.0455112999999987,2,-0.0455112999999987,-1.5740352200000174,loss,time_stop,ny,none,0.7300000000000001,A,"{'A_plus': 0.75, 'A': 0.6, 'B': 0.45}",0-1,643.585,642.795,0.7900000000000773,LONG,15.0,2025-08-18,0.1711138158925448,-0.012478021489872303
425a1fbe-de11-4ba2-a0c0-f3421ca56be7,2025-08-18 15:59:00+00:00,2025-08-18 16:29:00+00:00,2025-08-18,2025-08,QQQ,Liquidity_Sweep_Scalp,LONG,SCALP,A,575.92,576.45,573.0404,580.2393999999999,126.0,30.0,0.02,-22.729999999989104,1000.0,-0.022729999999989103,2,-0.022729999999989103,-1.5967652200000064,loss,time_stop,ny,none,0.65,A,"{'A_plus': 0.75, 'A': 0.6, 'B': 0.45}",0-1,577.6,576.41,1.1900000000000546,SHORT,15.0,2025-08-18,0.250034727045434,-0.020836227253766427
8676382d-fdba-4bc9-a2b0-1bb37ef08e34,2025-08-18 16:04:00+00:00,2025-08-18 16:34:00+00:00,2025-08-18,2025-08,SPY,Liquidity_Sweep_Scalp,LONG,SCALP,A,642.73,643.02,629.8754,662.0119,77.0,30.0,0.02,-39.3400000000028,1000.0,-0.0393400000000028,2,-0.0393400000000028,-1.6361052200000092,loss,time_stop,ny,none,0.6950000000000001,A,"{'A_plus': 0.75, 'A': 0.6, 'B': 0.45}",0-1,643.585,642.795,0.7900000000000773,LONG,15.0,2025-08-18,0.04900969302817631,-0.002333794906101528
410fbfce-d56d-458f-a5bd-613be3483fdd,2025-08-18 14:24:00+00:00,2025-08-19 13:32:00+00:00,2025-08-18,2025-08,QQQ,Morning_Trap_Reversal,LONG,DAILY,B,577.595,575.067405,575.067405,585.1777850000001,84.0,1388.0,0.02,-272.66798000000165,1000.0,-0.27266798000000164,2,-0.27266798000000164,-1.9087732000000108,loss,SL,ny,ny_open,0.525,B,"{'A_plus': 0.8, 'A': 0.65, 'B': 0.5}",0-1,577.6,576.41,1.1900000000000546,SHORT,15.0,2025-08-18,0.17562148999344504,-1.2047024938726534
ac223001-faac-4216-bd04-41a52d4fe1d8,2025-08-19 13:34:00+00:00,2025-08-19 14:04:00+00:00,2025-08-19,2025-08,QQQ,Liquidity_Sweep_Scalp,SHORT,SCALP,A,574.09,575.36,577.22404,569.3889400000002,125.0,30.0,0.02,-247.33999999999773,1000.0,-0.24733999999999773,2,-0.24733999999999773,-2.1561132000000085,loss,time_stop,ny,ny_open,0.71,A,"{'A_plus': 0.75, 'A': 0.6, 'B': 0.45}",0-1,,,,,,,0.2137815726666192,-0.4818062309351612
00c38514-dfea-425d-8511-46ea763c8df3,2025-08-19 13:43:00+00:00,2025-08-19 14:28:00+00:00,2025-08-19,2025-08,QQQ,BOS_Scalp_1m,LONG,SCALP,A+,575.14,573.3448599999999,573.3448599999999,577.8327100000001,167.0,45.0,0.02,-417.3583800000101,1000.0,-0.4173583800000101,2,-0.4173583800000101,-2.5734715800000187,loss,SL,ny,ny_open,0.5609808558961921,A+,"{'A_plus': 0.5, 'A': 0.01, 'B': 0.0}",0-1,,,,,,,0.2172532504428475,-1.180966387022702
c81d5aa0-fdbb-4189-af8f-1b73b9c95fb3,2025-08-19 14:14:00+00:00,2025-08-19 14:28:00+00:00,2025-08-19,2025-08,QQQ,Liquidity_Sweep_Scalp,SHORT,SCALP,A,575.06,573.2824099999999,576.24506,573.2824099999999,124.0,14.0,0.02,132.61116000000396,1000.0,0.13261116000000397,2,0.13261116000000397,-2.4408604200000146,win,TP1,ny,ny_open,0.71,A,"{'A_plus': 0.75, 'A': 0.6, 'B': 0.45}",0-1,576.56,573.92,2.6399999999999864,SHORT,15.0,2025-08-19,1.7214318262365846,-0.16032943479659356
427b19d5-b81e-4f1f-953e-4824c837676d,2025-08-19 14:19:00+00:00,2025-08-19 14:30:00+00:00,2025-08-19,2025-08,QQQ,Liquidity_Sweep_Scalp,SHORT,SCALP,A,574.84,573.4314519999999,576.24484,572.7327400000001,124.0,11.0,0.02,86.84995200001362,1000.0,0.08684995200001362,2,0.08684995200001362,-2.354010468000001,win,SL,ny,ny_open,0.71,A,"{'A_plus': 0.75, 'A': 0.6, 'B': 0.45}",0-1,576.56,573.92,2.6399999999999864,SHORT,15.0,2025-08-19,1.3026394464851105,-0.1779562085362133
609cc79e-8768-49ab-b373-d46d1aa300a7,2025-08-19 13:35:00+00:00,2025-08-19 14:56:00+00:00,2025-08-19,2025-08,QQQ,BOS_Scalp_1m,SHORT,SCALP,A+,574.07,572.396206,577.22402,569.3389700000001,167.0,81.0,0.02,162.13359800000728,1000.0,0.1621335980000073,2,0.1621335980000073,-2.191876869999994,win,SL,ny,ny_open,0.6142594934405736,A+,"{'A_plus': 0.5, 'A': 0.01, 'B': 0.0}",0-1,,,,,,,0.8306859182884222,-0.48509521182490883
5e5e5592-1aa6-4e1f-a4ef-18cac2a08508,2025-08-19 13:34:00+00:00,2025-08-19 15:34:00+00:00,2025-08-19,2025-08,SPY,Engulfing_Bar_V056,LONG,SCALP,A+,642.16,641.85,629.3168,667.8464,77.0,120.0,0.02,-85.4399999999958,1000.0,-0.08543999999999581,2,-0.08543999999999581,-2.2773168699999897,loss,time_stop,ny,ny_open,1.0,A+,"{'A_plus': 0.5, 'A': 0.01, 'B': 0.0}",0-1,,,,,,,0.1514420082222535,-0.13158714339105035
6f63fe3c-193c-4d2d-85b0-e3fbb8dc223e,2025-08-19 13:35:00+00:00,2025-08-19 15:35:00+00:00,2025-08-19,2025-08,SPY,BOS_Scalp_1m,LONG,SCALP,A+,642.13,641.615,629.2873999999999,661.3939,77.0,120.0,0.02,-101.21499999999895,1000.0,-0.10121499999999896,2,-0.10121499999999896,-2.3785318699999887,loss,time_stop,ny,ny_open,0.5216423910140532,A+,"{'A_plus': 0.5, 'A': 0.01, 'B': 0.0}",0-1,,,,,,,0.15378505910018325,-0.1292573154968589
ac1a97d3-5113-46f3-905d-f7cbc7e972c4,2025-08-19 13:39:00+00:00,2025-08-19 15:39:00+00:00,2025-08-19,2025-08,SPY,Engulfing_Bar_V056,LONG,SCALP,A+,642.61,641.2925,629.7578,668.3144000000001,77.0,120.0,0.02,-163.02749999999963,1000.0,-0.16302749999999963,2,-0.16302749999999963,-2.5415593699999883,loss,time_stop,ny,ny_open,1.0,A+,"{'A_plus': 0.5, 'A': 0.01, 'B': 0.0}",0-1,,,,,,,0.11632249731563468,-0.1665084576959571
97fc88da-f9e6-42f9-b36f-046fcb9a5961,2025-08-19 13:54:00+00:00,2025-08-19 16:43:00+00:00,2025-08-19,2025-08,QQQ,Morning_Trap_Reversal,SHORT,DAILY,A,574.68,569.7759599999999,576.31468,569.7759599999999,125.0,169.0,0.02,524.7950000000011,1000.0,0.5247950000000011,2,0.5247950000000011,-2.0167643699999873,win,TP1,ny,ny_open,0.7324999999999999,A,"{'A_plus': 0.8, 'A': 0.65, 'B': 0.5}",0-1,576.56,573.92,2.6399999999999864,SHORT,15.0,2025-08-19,3.0709374311791744,-0.5199794455184019
fb9f8263-5095-4d26-895f-c66bb92b5263,2025-08-20 13:35:00+00:00,2025-08-20 13:42:00+00:00,2025-08-20,2025-08,QQQ,BOS_Scalp_1m,SHORT,SCALP,A+,567.16,566.460296,568.29432,565.4585199999999,169.0,7.0,0.02,0.7799759999994933,1000.0,0.0007799759999994933,2,0.0007799759999994933,-2.0159843939999877,win,SL,ny,ny_open,0.6103540042463549,A+,"{'A_plus': 0.5, 'A': 0.01, 'B': 0.0}",0-1,,,,,,,0.9168488609915733,-0.29092319627621854
e2ad01be-1412-45e8-83c7-cd58a89ab2a2,2025-08-20 13:34:00+00:00,2025-08-20 13:49:00+00:00,2025-08-20,2025-08,QQQ,Engulfing_Bar_V056,SHORT,SCALP,A+,566.95,564.4561000000001,568.19695,564.4561000000001,169.0,15.0,0.02,304.2290999999898,1000.0,0.30422909999998976,2,0.30422909999998976,-1.711755293999998,win,TP1,ny,ny_open,1.0,A+,"{'A_plus': 0.5, 'A': 0.01, 'B': 0.0}",0-1,,,,,,,2.0770680460323945,-0.617506716387987
067f1181-4101-4582-a732-8fed900908ba,2025-08-19 13:49:00+00:00,2025-08-20 13:51:00+00:00,2025-08-19,2025-08,QQQ,Morning_Trap_Reversal,SHORT,DAILY,A,573.68,563.3189600000001,577.1336799999999,563.3189600000001,125.0,1442.0,0.02,1207.469999999986,1000.0,1.2074699999999858,2,1.2074699999999858,-0.5042852940000122,win,TP1,ny,ny_open,0.725,A,"{'A_plus': 0.8, 'A': 0.65, 'B': 0.5}",0-1,576.56,573.92,2.6399999999999864,SHORT,15.0,2025-08-19,3.0605035787913324,-0.5356605128442827
2a841418-3856-479c-a9e7-c42745649ade,2025-08-20 13:40:00+00:00,2025-08-20 13:51:00+00:00,2025-08-20,2025-08,QQQ,BOS_Scalp_1m,SHORT,SCALP,A+,566.39,563.680415,568.19639,563.680415,169.0,11.0,0.02,340.81986499999107,1000.0,0.34081986499999106,2,0.34081986499999106,-0.16346542900002115,win,TP1,ny,ny_open,0.6666458161016917,A+,"{'A_plus': 0.5, 'A': 0.01, 'B': 0.0}",0-1,,,,,,,1.815776216653124,-0.3321541859731478
4be6ca3b-2ac0-4ecf-9cc5-1323f9038098,2025-08-20 13:34:00+00:00,2025-08-20 15:34:00+00:00,2025-08-20,2025-08,SPY,Engulfing_Bar_V056,LONG,SCALP,A+,638.765,636.75,625.9897,664.3156,78.0,120.0,0.02,-219.11999999999892,1000.0,-0.21911999999999893,2,-0.21911999999999893,-0.38258542900002007,loss,time_stop,ny,ny_open,1.0,A+,"{'A_plus': 0.5, 'A': 0.01, 'B': 0.0}",0-1,,,,,,,0.02543971570139606,-0.4551752209341412
d682e202-4d17-449e-b34e-be4b6652b3a4,2025-08-20 13:35:00+00:00,2025-08-20 15:35:00+00:00,2025-08-20,2025-08,SPY,BOS_Scalp_1m,LONG,SCALP,A+,638.78,636.49,626.0043999999999,657.9434000000001,78.0,120.0,0.02,-240.54999999999717,1000.0,-0.24054999999999718,2,-0.24054999999999718,-0.6231354290000173,loss,time_stop,ny,ny_open,0.5424479958985434,A+,"{'A_plus': 0.5, 'A': 0.01, 'B': 0.0}",0-1,,,,,,,0.02269952096183945,-0.45633864554305886
fde6bf4d-e8c6-4228-9c01-0c20336f84d3,2025-08-20 15:24:00+00:00,2025-08-20 15:54:00+00:00,2025-08-20,2025-08,SPY,Liquidity_Sweep_Scalp,SHORT,SCALP,C,636.26,635.1,640.29626,630.20561,78.0,30.0,0.02,28.729999999997517,1000.0,0.028729999999997518,2,0.028729999999997518,-0.5944054290000198,win,time_stop,ny,none,0.44000000000000006,C,"{'A_plus': 0.75, 'A': 0.6, 'B': 0.45}",0-1,639.66,638.105,1.55499999999995,SHORT,15.0,2025-08-20,0.3295129649725366,-0.15856262976121238
dbeda425-4344-4319-808e-26b74e0a1d74,2025-08-20 16:04:00+00:00,2025-08-20 16:33:00+00:00,2025-08-20,2025-08,QQQ,Liquidity_Sweep_Scalp,LONG,SCALP,A+,563.05,564.630115,560.71705,566.5494249999999,175.0,29.0,0.02,155.58012500001604,1000.0,0.15558012500001603,2,0.15558012500001603,-0.43882530400000375,win,SL,ny,none,0.79,A+,"{'A_plus': 0.75, 'A': 0.6, 'B': 0.45}",0-1,568.45,565.79,2.660000000000082,SHORT,15.0,2025-08-20,0.9773034141323661,-0.1243061360080438
a1ae6fbe-69d4-4f97-b94d-5911c0999583,2025-08-20 16:09:00+00:00,2025-08-20 16:33:00+00:00,2025-08-20,2025-08,QQQ,Liquidity_Sweep_Scalp,LONG,SCALP,A+,563.13,564.606091,560.71697,566.7495450000001,175.0,24.0,0.02,137.38592499999942,1000.0,0.1373859249999994,2,0.1373859249999994,-0.30143937900000434,win,SL,ny,none,0.79,A+,"{'A_plus': 0.75, 'A': 0.6, 'B': 0.45}",0-1,568.45,565.79,2.660000000000082,SHORT,15.0,2025-08-20,0.9117168041839517,-0.04144167291746092
bb4f25ff-8945-4232-83ba-c3cc6f249ca3,2025-08-21 13:39:00+00:00,2025-08-21 13:45:00+00:00,2025-08-21,2025-08,QQQ,Morning_Trap_Reversal,LONG,DAILY,B,564.765,563.415235,563.415235,568.8142949999998,87.0,6.0,0.02,-178.57955499999426,1000.0,-0.17857955499999426,2,-0.17857955499999426,-0.4800189339999986,loss,SL,ny,ny_open,0.57,B,"{'A_plus': 0.8, 'A': 0.65, 'B': 0.5}",0-1,,,,,,,0.033339136812675745,-1.500261156571756
5598805e-84b0-4be3-b699-8fab3cb50f83,2025-08-21 13:34:00+00:00,2025-08-21 13:47:00+00:00,2025-08-21,2025-08,SPY,Liquidity_Sweep_Scalp,SHORT,SCALP,A+,635.8972,634.8046091599999,637.5458972000001,633.4241541999997,156.0,13.0,0.02,48.984171040011034,1000.0,0.048984171040011036,2,0.048984171040011036,-0.4310347629599876,win,SL,ny,ny_open,0.79,A+,"{'A_plus': 0.75, 'A': 0.6, 'B': 0.45}",0-1,,,,,,,0.9626995181407044,-0.36537940381043993
5d8ffcec-0d70-42ed-a696-aeaf2c3c93f3,2025-08-21 13:44:00+00:00,2025-08-21 13:47:00+00:00,2025-08-21,2025-08,SPY,Liquidity_Sweep_Scalp,SHORT,SCALP,A+,635.95,634.788785,637.5459500000001,633.556075,156.0,3.0,0.02,59.68954000001307,1000.0,0.059689540000013065,2,0.059689540000013065,-0.3713452229599745,win,SL,ny,ny_open,0.79,A+,"{'A_plus': 0.75, 'A': 0.6, 'B': 0.45}",0-1,636.51,635.25,1.259999999999991,NONE,15.0,2025-08-21,1.027601115323214,-0.18170995331931494
7129d7fa-fb79-4938-be38-21c45bc214f0,2025-08-21 13:45:00+00:00,2025-08-21 14:06:00+00:00,2025-08-21,2025-08,SPY,BOS_Scalp_1m,SHORT,SCALP,A+,634.9399,637.1449398999999,637.1449398999999,631.63234015,156.0,21.0,0.02,-465.596224399996,1000.0,-0.465596224399996,2,-0.465596224399996,-0.8369414473599706,loss,SL,ny,ny_open,0.6681416848749242,A+,"{'A_plus': 0.5, 'A': 0.01, 'B': 0.0}",0-1,636.51,635.25,1.259999999999991,NONE,15.0,2025-08-21,0.285663765086531,-1.043110376370092
a00cfbfb-dea4-4fc6-8c25-6f2e253388ec,2025-08-21 13:34:00+00:00,2025-08-21 14:17:00+00:00,2025-08-21,2025-08,QQQ,Morning_Trap_Reversal,SHORT,DAILY,A+,563.975,565.568975,565.568975,559.193075,176.0,43.0,0.02,-402.34960000000007,1000.0,-0.4023496000000001,2,-0.4023496000000001,-1.2392910473599708,loss,SL,ny,ny_open,0.8324999999999999,A+,"{'A_plus': 0.8, 'A': 0.65, 'B': 0.5}",0-1,,,,,,,1.3331451246098587,-1.0508320393983306
831fc5f7-b9ec-4fc0-ae11-5b49884173a4,2025-08-21 13:59:00+00:00,2025-08-21 14:29:00+00:00,2025-08-21,2025-08,QQQ,Liquidity_Sweep_Scalp,LONG,SCALP,A+,562.59,566.41,559.77705,566.809425,176.0,30.0,0.02,550.5699999999888,1000.0,0.5505699999999888,2,0.5505699999999888,-0.688721047359982,win,time_stop,ny,ny_open,0.79,A+,"{'A_plus': 0.75, 'A': 0.6, 'B': 0.45}",0-1,565.08,562.88,2.2000000000000455,SHORT,15.0,2025-08-21,1.3864448354929793,-0.2630690200679034
3bfddab9-9924-46b5-b6b3-796ec926f94c,2025-08-21 13:37:00+00:00,2025-08-21 15:37:00+00:00,2025-08-21,2025-08,SPY,BOS_Scalp_1m,SHORT,SCALP,A,636.28,637.26,639.4613999999999,631.5079000000001,117.0,120.0,0.02,-206.46000000000214,1000.0,-0.20646000000000214,2,-0.20646000000000214,-0.8951810473599842,loss,time_stop,ny,ny_open,0.229868972277427,A,"{'A_plus': 0.5, 'A': 0.01, 'B': 0.0}",0-1,,,,,,,0.619224240900253,-0.531212673665709
2d1409ea-183d-43af-b0aa-0ef877fed0c3,2025-08-21 14:02:00+00:00,2025-08-21 16:02:00+00:00,2025-08-21,2025-08,SPY,BOS_Scalp_1m,SHORT,SCALP,A+,636.72,635.52,639.9036,631.9446,155.0,120.0,0.02,65.16000000000705,1000.0,0.06516000000000705,2,0.06516000000000705,-0.8300210473599772,win,time_stop,ny,ny_open,0.6986506891226423,A+,"{'A_plus': 0.5, 'A': 0.01, 'B': 0.0}",0-1,636.51,635.25,1.259999999999991,SHORT,15.0,2025-08-21,0.508857896720702,-0.39263726598819493
ed0d75f6-2554-4ae6-a354-0b443b3a5a56,2025-08-21 14:59:00+00:00,2025-08-21 16:59:00+00:00,2025-08-21,2025-08,QQQ,Engulfing_Bar_V056,SHORT,SCALP,A+,565.2,561.98,568.026,559.5480000000002,174.0,120.0,0.02,440.09000000000475,1000.0,0.44009000000000476,2,0.44009000000000476,-0.3899310473599724,win,time_stop,ny,ny_open,1.0,A+,"{'A_plus': 0.5, 'A': 0.01, 'B': 0.0}",0-1,565.08,562.88,2.2000000000000455,SHORT,15.0,2025-08-21,1.2278839348903539,-0.15215852795469353
0b6ceb2a-131e-4b1d-9765-dcb6d2844b49,2025-08-21 15:24:00+00:00,2025-08-21 17:24:00+00:00,2025-08-21,2025-08,QQQ,Engulfing_Bar_V056,SHORT,SCALP,A+,564.79,561.17,567.6139499999999,559.1421,174.0,120.0,0.02,509.8100000000008,1000.0,0.5098100000000008,2,0.5098100000000008,0.11987895264002835,win,time_stop,ny,none,1.0,A+,"{'A_plus': 0.5, 'A': 0.01, 'B': 0.0}",0-1,565.08,562.88,2.2000000000000455,SHORT,15.0,2025-08-21,1.3314683333628548,-0.15226898493247704
3c176777-45f5-48e1-a8c2-47faad31ac72,2025-08-22 13:34:00+00:00,2025-08-22 13:40:00+00:00,2025-08-22,2025-08,SPY,Engulfing_Bar_V056,SHORT,SCALP,A+,637.67,638.94534,638.94534,635.1193199999999,157.0,6.0,0.02,-323.0183800000044,1000.0,-0.32301838000000443,2,-0.32301838000000443,-0.2031394273599761,loss,SL,ny,ny_open,1.0,A+,"{'A_plus': 0.5, 'A': 0.01, 'B': 0.0}",0-1,,,,,,,0.06272837047369757,-1.011494973889354
2cfda813-3c94-48a9-a4e0-2c27d9a3c42a,2025-08-22 13:34:00+00:00,2025-08-22 13:40:00+00:00,2025-08-22,2025-08,QQQ,Engulfing_Bar_V056,SHORT,SCALP,A+,563.865,565.413865,565.413865,560.76727,177.0,6.0,0.02,-396.6191049999961,1000.0,-0.39661910499999614,2,-0.39661910499999614,-0.5997585323599722,loss,SL,ny,ny_open,1.0,A+,"{'A_plus': 0.5, 'A': 0.01, 'B': 0.0}",0-1,,,,,,,0.06779157641241793,-1.0435383329083212
88826678-f855-4ed7-a637-8bdb1e0fa3d4,2025-08-20 15:39:00+00:00,2025-08-22 13:44:00+00:00,2025-08-20,2025-08,SPY,Morning_Trap_Reversal,SHORT,DAILY,B,636.245,639.4262249999999,639.4262249999999,626.7013250000002,77.0,2765.0,0.02,-306.15432499999434,1000.0,-0.30615432499999434,2,-0.30615432499999434,-0.9059128573599666,loss,SL,ny,none,0.57,B,"{'A_plus': 0.8, 'A': 0.65, 'B': 0.5}",0-1,639.66,638.105,1.55499999999995,SHORT,15.0,2025-08-20,0.7654284120111325,-1.001186649796861
e5c4f27a-c6c1-472f-86b6-3138d3592b18,2025-08-20 15:39:00+00:00,2025-08-22 14:00:00+00:00,2025-08-20,2025-08,QQQ,Morning_Trap_Reversal,SHORT,DAILY,B,563.44,568.36344,568.36344,548.6696800000003,87.0,2781.0,0.02,-489.6692799999925,1000.0,-0.4896692799999925,2,-0.4896692799999925,-1.395582137359959,loss,SL,ny,none,0.57,B,"{'A_plus': 0.8, 'A': 0.65, 'B': 0.5}",0-1,568.45,565.79,2.660000000000082,SHORT,15.0,2025-08-20,0.6072989617015869,-1.2328778252603956
f23e071b-2885-45d8-bc7a-93b0535a974d,2025-08-22 13:35:00+00:00,2025-08-22 14:00:00+00:00,2025-08-22,2025-08,SPY,BOS_Scalp_1m,SHORT,SCALP,A+,637.71,640.89855,640.89855,632.927175,157.0,25.0,0.02,-623.5823499999943,1000.0,-0.6235823499999943,2,-0.6235823499999943,-2.0191644873599532,loss,SL,ny,ny_open,0.5503491135422757,A+,"{'A_plus': 0.5, 'A': 0.01, 'B': 0.0}",0-1,,,,,,,0.03763466152326478,-1.5900644493578566
887ff8a4-26ff-4e78-8c42-32021d0a3167,2025-08-22 13:37:00+00:00,2025-08-22 14:00:00+00:00,2025-08-22,2025-08,QQQ,BOS_Scalp_1m,LONG,SCALP,A+,565.07,569.4426050000001,562.15493,569.4426050000001,177.0,23.0,0.02,650.9210850000038,1000.0,0.6509210850000038,2,0.6509210850000038,-1.3682434023599495,win,TP1,ny,ny_open,0.6776813390679386,A+,"{'A_plus': 0.5, 'A': 0.01, 'B': 0.0}",0-1,,,,,,,1.5231195134250357,-0.2778663977194562
d1aafbd1-b931-4511-b21a-df566bd32735,2025-08-22 13:59:00+00:00,2025-08-22 14:00:00+00:00,2025-08-22,2025-08,QQQ,Liquidity_Sweep_Scalp,SHORT,SCALP,A,564.71,565.96471,565.96471,562.8279350000001,130.0,1.0,0.02,-253.70229999999114,1000.0,-0.25370229999999117,2,-0.25370229999999117,-1.6219457023599406,loss,SL,ny,ny_open,0.65,A,"{'A_plus': 0.75, 'A': 0.6, 'B': 0.45}",0-1,566.08,563.27,2.810000000000059,LONG,15.0,2025-08-22,0.3028588279363487,-3.825585194985467
36d8996b-ba35-46e8-8cab-4a4a3b89b062,2025-08-22 14:29:00+00:00,2025-08-22 14:40:00+00:00,2025-08-22,2025-08,SPY,Morning_Trap_Reversal,SHORT,DAILY,C,644.11,645.39822,645.39822,640.2453399999999,75.0,11.0,0.02,-156.8965000000018,1000.0,-0.1568965000000018,2,-0.1568965000000018,-1.7788422023599424,loss,SL,ny,ny_open,0.47,C,"{'A_plus': 0.8, 'A': 0.65, 'B': 0.5}",0-1,639.43,637.25,2.17999999999995,LONG,15.0,2025-08-22,0.17077828321251276,-1.0634829454596102
b0ca826c-b286-4ea1-9e31-4af89c37be33,2025-08-22 13:40:00+00:00,2025-08-22 15:40:00+00:00,2025-08-22,2025-08,SPY,BOS_Scalp_1m,LONG,SCALP,A+,638.95,646.0,626.171,658.1185,78.0,120.0,0.02,487.4999999999965,1000.0,0.4874999999999965,2,0.4874999999999965,-1.291342202359946,win,time_stop,ny,ny_open,0.7302446603501402,A+,"{'A_plus': 0.5, 'A': 0.01, 'B': 0.0}",0-1,,,,,,,0.5908130526645243,-0.06495030910087184
deb59920-e00e-484d-aaeb-1016526072eb,2025-08-22 15:49:00+00:00,2025-08-22 16:19:00+00:00,2025-08-22,2025-08,SPY,Liquidity_Sweep_Scalp,LONG,SCALP,C,645.88,645.1,632.9624,665.2564,75.0,30.0,0.02,-118.84999999999795,1000.0,-0.11884999999999794,2,-0.11884999999999794,-1.4101922023599438,loss,time_stop,ny,none,0.36,C,"{'A_plus': 0.75, 'A': 0.6, 'B': 0.45}",0-1,639.43,637.25,2.17999999999995,LONG,15.0,2025-08-22,0.0046448256642146486,-0.08670341239858838
d7548cfa-c5b5-43da-a290-057fd62c03a2,2025-08-22 16:04:00+00:00,2025-08-22 16:34:00+00:00,2025-08-22,2025-08,QQQ,Liquidity_Sweep_Scalp,LONG,SCALP,A,572.52,571.62,564.42748,584.65878,123.0,30.0,0.02,-197.5099999999972,1000.0,-0.19750999999999722,2,-0.19750999999999722,-1.607702202359941,loss,time_stop,ny,none,0.71,A,"{'A_plus': 0.75, 'A': 0.6, 'B': 0.45}",0-1,566.08,563.27,2.810000000000059,LONG,15.0,2025-08-22,0.006796399638192234,-0.1915348988942811
f5497b29-7d6a-4757-b847-2cda9804d6e1,2025-08-22 15:14:00+00:00,2025-08-22 23:59:00+00:00,2025-08-22,2025-08,SPY,Morning_Trap_Reversal,SHORT,DAILY,C,645.54,645.5,646.8310799999999,641.6667600000001,74.0,525.0,0.02,-56.61000000000269,1000.0,-0.05661000000000269,2,-0.05661000000000269,-1.6643122023599437,loss,eod,ny,none,0.47,C,"{'A_plus': 0.8, 'A': 0.65, 'B': 0.5}",0-1,639.43,637.25,2.17999999999995,LONG,15.0,2025-08-22,0.9643089506460002,-0.7435635282089895
